time,open,high,low,close,volume,close_t0,close_t1,close_t2,close_t3,close_t4,close_t5,close_t6,coef_close_t0_to_close_t6,ground_truth
2023-03-30,10.2,10.6,10.0,10.6,8026,1.0,0.9811320754716982,0.9716981132075473,0.9716981132075473,0.9622641509433962,0.9622641509433962,0.9716981132075473,-0.00471698113207547,down
2023-03-31,10.6,10.6,9.9,10.4,24900,1.0,0.9903846153846154,0.9903846153846154,0.9807692307692306,0.9807692307692306,0.9903846153846154,0.9903846153846154,-0.0013736263736263768,sideways
2023-04-03,10.3,10.3,10.0,10.3,8800,1.0,1.0,0.9902912621359222,0.9902912621359222,1.0,1.0,0.9611650485436893,-0.0038141470180305076,sideways
2023-04-04,10.0,10.3,9.6,10.3,20001,1.0,0.9902912621359222,0.9902912621359222,1.0,1.0,0.9611650485436893,0.9902912621359222,-0.0027739251040221893,sideways
2023-04-05,10.0,10.3,9.8,10.2,12300,1.0,1.0,1.0098039215686276,1.0098039215686276,0.9705882352941178,1.0,0.9901960784313726,-0.002450980392156862,sideways
2023-04-06,10.0,10.2,9.9,10.2,1800,1.0,1.0098039215686276,1.0098039215686276,0.9705882352941178,1.0,0.9901960784313726,1.0,-0.0017507002801120625,sideways
2023-04-07,10.0,10.3,9.9,10.3,4500,1.0,1.0,0.9611650485436893,0.9902912621359222,0.9805825242718446,0.9902912621359222,1.0679611650485437,0.007281553398058235,up
2023-04-10,10.0,10.3,10.0,10.3,3800,1.0,0.9611650485436893,0.9902912621359222,0.9805825242718446,0.9902912621359222,1.0679611650485437,1.0776699029126213,0.01595006934812759,up
2023-04-11,10.0,10.2,9.9,9.9,5100,1.0,1.0303030303030303,1.02020202020202,1.0303030303030303,1.1111111111111112,1.121212121212121,1.0303030303030303,0.012987012987012981,up
2023-04-12,9.9,10.2,9.9,10.2,5900,1.0,0.9901960784313726,1.0,1.0784313725490198,1.0882352941176472,1.0,1.0784313725490198,0.012254901960784331,up
2023-04-13,10.1,10.1,10.1,10.1,100,1.0,1.00990099009901,1.0891089108910892,1.099009900990099,1.00990099009901,1.0891089108910892,1.0792079207920793,0.011315417256011323,up
2023-04-14,10.1,10.2,10.1,10.2,2000,1.0,1.0784313725490198,1.0882352941176472,1.0,1.0784313725490198,1.0686274509803924,1.0686274509803924,0.006302521008403384,up
2023-04-17,10.2,11.1,9.9,11.0,19300,1.0,1.009090909090909,0.9272727272727272,1.0,0.990909090909091,0.990909090909091,1.0454545454545454,0.00584415584415585,up
2023-04-18,11.0,11.8,10.0,11.1,28300,1.0,0.9189189189189189,0.990990990990991,0.981981981981982,0.981981981981982,1.0360360360360361,0.990990990990991,0.007078507078507089,up
2023-04-19,11.7,11.7,10.1,10.2,23300,1.0,1.0784313725490198,1.0686274509803924,1.0686274509803924,1.1274509803921569,1.0784313725490198,1.0882352941176472,0.011554621848739502,up
2023-04-20,10.4,11.1,10.2,11.0,11500,1.0,0.990909090909091,0.990909090909091,1.0454545454545454,1.0,1.009090909090909,0.990909090909091,0.0006493506493506456,sideways
2023-04-21,10.6,10.9,10.2,10.9,17100,1.0,1.0,1.055045871559633,1.0091743119266054,1.018348623853211,1.0,1.0,-0.0013106159895150723,sideways
2023-04-24,10.9,10.9,10.2,10.9,10500,1.0,1.055045871559633,1.0091743119266054,1.018348623853211,1.0,1.0,1.0091743119266054,-0.003276539973787677,sideways
2023-04-25,10.9,11.5,10.3,11.5,21700,1.0,0.9565217391304348,0.9652173913043478,0.9478260869565218,0.9478260869565218,0.9565217391304348,0.9565217391304348,-0.005279503105590053,down
2023-04-26,11.1,11.1,10.4,11.0,42200,1.0,1.009090909090909,0.990909090909091,0.990909090909091,1.0,1.0,0.990909090909091,-0.0012987012987012911,sideways
2023-04-27,10.9,11.1,10.4,11.1,26100,1.0,0.981981981981982,0.981981981981982,0.990990990990991,0.990990990990991,0.981981981981982,0.981981981981982,-0.001608751608751604,sideways
2023-04-28,10.9,10.9,10.9,10.9,800,1.0,1.0,1.0091743119266054,1.0091743119266054,1.0,1.0,1.0,-0.00032765399737876607,sideways
2023-05-04,10.8,11.0,10.4,10.9,20300,1.0,1.0091743119266054,1.0091743119266054,1.0,1.0,1.0,1.0091743119266054,0.0,sideways
2023-05-05,10.7,11.0,10.5,11.0,43100,1.0,1.0,0.990909090909091,0.990909090909091,0.990909090909091,1.0,0.990909090909091,-0.0009740259740259682,sideways
2023-05-08,10.8,11.0,10.5,11.0,32200,1.0,0.990909090909091,0.990909090909091,0.990909090909091,1.0,0.990909090909091,0.990909090909091,-0.0006493506493506456,sideways
2023-05-09,10.7,11.0,10.4,10.9,28400,1.0,1.0,1.0,1.0091743119266054,1.0,1.0,1.0,-4.0978990275894293e-20,sideways
2023-05-10,10.9,10.9,10.9,10.9,100,1.0,1.0,1.0091743119266054,1.0,1.0,1.0,1.0,-0.00032765399737876596,sideways
2023-05-11,10.8,10.9,10.8,10.9,1000,1.0,1.0091743119266054,1.0,1.0,1.0,1.0,1.0,-0.0006553079947575319,sideways
2023-05-12,10.4,12.3,10.4,11.0,16800,1.0,0.990909090909091,0.990909090909091,0.990909090909091,0.990909090909091,0.990909090909091,0.990909090909091,-0.0009740259740259682,sideways
2023-05-15,10.9,10.9,10.9,10.9,100,1.0,1.0,1.0,1.0,1.0,1.0,1.0,0.0,sideways
2023-05-16,10.9,10.9,10.9,10.9,100,1.0,1.0,1.0,1.0,1.0,1.0,0.9908256880733946,-0.0009829619921362979,sideways
2023-05-17,10.9,10.9,10.9,10.9,7800,1.0,1.0,1.0,1.0,1.0,0.9908256880733946,1.0,-0.0006553079947575319,sideways
2023-05-18,10.9,10.9,10.9,10.9,100,1.0,1.0,1.0,1.0,0.9908256880733946,1.0,1.0,-0.000327653997378766,sideways
2023-05-19,10.4,10.9,10.4,10.9,1200,1.0,1.0,1.0,0.9908256880733946,1.0,1.0,1.0091743119266054,0.000982961992136298,sideways
2023-05-22,10.9,10.9,10.9,10.9,100,1.0,1.0,0.9908256880733946,1.0,1.0,1.0091743119266054,1.0,0.000982961992136298,sideways
2023-05-23,10.7,10.9,10.7,10.9,12600,1.0,0.9908256880733946,1.0,1.0,1.0091743119266054,1.0,1.0,0.000982961992136298,sideways
2023-05-24,10.8,10.8,10.8,10.8,100,1.0,1.0092592592592593,1.0092592592592593,1.0185185185185184,1.0092592592592593,1.0092592592592593,1.0092592592592593,0.0009920634920634961,sideways
2023-05-25,10.9,10.9,10.9,10.9,100,1.0,1.0,1.0091743119266054,1.0,1.0,1.0,1.0,-0.00032765399737876596,sideways
2023-05-26,10.8,10.9,10.8,10.9,2100,1.0,1.0091743119266054,1.0,1.0,1.0,1.0,1.0091743119266054,0.00032765399737876596,sideways
2023-05-29,10.7,11.0,10.7,11.0,23600,1.0,0.990909090909091,0.990909090909091,0.990909090909091,0.990909090909091,1.0,0.990909090909091,-0.0003246753246753226,sideways
2023-05-30,10.9,10.9,10.9,10.9,200,1.0,1.0,1.0,1.0,1.0091743119266054,1.0,1.0091743119266054,0.0013106159895150639,sideways
2023-05-31,10.7,11.5,10.5,10.9,35100,1.0,1.0,1.0,1.0091743119266054,1.0,1.0091743119266054,1.0091743119266054,0.0016382699868938298,sideways
2023-06-01,10.7,10.9,10.6,10.9,3400,1.0,1.0,1.0091743119266054,1.0,1.0091743119266054,1.0091743119266054,1.0,0.0006553079947575317,sideways
2023-06-02,10.9,10.9,10.9,10.9,100,1.0,1.0091743119266054,1.0,1.0091743119266054,1.0091743119266054,1.0,1.0,-0.000327653997378766,sideways
2023-06-05,10.8,11.0,10.5,11.0,13301,1.0,0.990909090909091,1.0,1.0,0.990909090909091,0.990909090909091,0.990909090909091,-0.0012987012987012911,sideways
2023-06-06,10.9,10.9,10.9,10.9,2600,1.0,1.0091743119266054,1.0091743119266054,1.0,1.0,1.0,1.0,-0.000982961992136298,sideways
2023-06-07,10.9,11.0,10.4,11.0,14000,1.0,1.0,0.990909090909091,0.990909090909091,0.990909090909091,0.990909090909091,0.990909090909091,-0.001623376623376614,sideways
2023-06-08,10.9,11.0,10.6,11.0,10200,1.0,0.990909090909091,0.990909090909091,0.990909090909091,0.990909090909091,0.990909090909091,0.990909090909091,-0.0009740259740259682,sideways
2023-06-09,10.9,10.9,10.9,10.9,5800,1.0,1.0,1.0,1.0,1.0,1.0,1.0,0.0,sideways
2023-06-12,10.9,10.9,10.9,10.9,100,1.0,1.0,1.0,1.0,1.0,1.0,0.9908256880733946,-0.0009829619921362979,sideways
2023-06-13,10.8,10.9,10.6,10.9,14500,1.0,1.0,1.0,1.0,1.0,0.9908256880733946,1.0,-0.0006553079947575319,sideways
2023-06-14,10.9,10.9,10.9,10.9,300,1.0,1.0,1.0,1.0,0.9908256880733946,1.0,0.9816513761467889,-0.002293577981651386,sideways
2023-06-15,10.9,10.9,10.9,10.9,100,1.0,1.0,1.0,0.9908256880733946,1.0,0.9816513761467889,1.0,-0.00131061598951508,sideways
2023-06-16,10.9,10.9,10.6,10.9,3000,1.0,1.0,0.9908256880733946,1.0,0.9816513761467889,1.0,1.0,-0.000327653997378774,sideways
2023-06-19,10.9,10.9,10.7,10.9,1300,1.0,0.9908256880733946,1.0,0.9816513761467889,1.0,1.0,1.0091743119266054,0.0016382699868938298,sideways
2023-06-20,10.8,10.8,10.8,10.8,300,1.0,1.0092592592592593,0.9907407407407406,1.0092592592592593,1.0092592592592593,1.0185185185185184,1.0092592592592593,0.0023148148148148125,sideways
2023-06-21,10.9,10.9,10.9,10.9,100,1.0,0.9816513761467889,1.0,1.0,1.0091743119266054,1.0,1.0,0.0016382699868938456,sideways
2023-06-22,10.8,10.9,10.6,10.7,900,1.0,1.0186915887850467,1.0186915887850467,1.0280373831775702,1.0186915887850467,1.0186915887850467,1.0186915887850467,0.0020026702269692926,sideways
2023-06-23,10.9,10.9,10.9,10.9,100,1.0,1.0,1.0091743119266054,1.0,1.0,1.0,1.0,-0.00032765399737876596,sideways
2023-06-26,10.9,10.9,10.9,10.9,100,1.0,1.0091743119266054,1.0,1.0,1.0,1.0,1.0,-0.0006553079947575319,sideways
2023-06-27,10.9,11.0,10.4,11.0,5100,1.0,0.990909090909091,0.990909090909091,0.990909090909091,0.990909090909091,0.990909090909091,0.990909090909091,-0.0009740259740259682,sideways
2023-06-28,10.9,10.9,10.9,10.9,100,1.0,1.0,1.0,1.0,1.0,1.0,1.0275229357798163,0.0029488859764088943,sideways
2023-06-29,10.9,10.9,10.8,10.9,900,1.0,1.0,1.0,1.0,1.0,1.0275229357798163,1.1743119266055047,0.020642201834862376,up
2023-06-30,10.9,10.9,10.9,10.9,100,1.0,1.0,1.0,1.0,1.0275229357798163,1.1743119266055047,1.1009174311926606,0.02424639580602884,up
2023-07-03,10.8,10.9,10.8,10.9,300,1.0,1.0,1.0,1.0275229357798163,1.1743119266055047,1.1009174311926606,1.1743119266055047,0.03211009174311927,up
2023-07-04,10.9,10.9,10.9,10.9,100,1.0,1.0,1.0275229357798163,1.1743119266055047,1.1009174311926606,1.1743119266055047,1.18348623853211,0.03473132372214941,up
2023-07-05,10.7,10.9,10.7,10.9,700,1.0,1.0275229357798163,1.1743119266055047,1.1009174311926606,1.1743119266055047,1.18348623853211,1.238532110091743,0.03669724770642201,up
2023-07-06,10.8,11.2,10.8,11.2,13100,1.0,1.142857142857143,1.0714285714285714,1.142857142857143,1.1517857142857144,1.205357142857143,1.2589285714285714,0.03507653061224489,up
2023-07-07,11.4,12.8,10.7,12.8,60000,1.0,0.9375,1.0,1.0078125,1.0546875,1.1015625,0.9453124999999999,0.007812499999999988,up
2023-07-10,12.8,14.0,10.7,12.0,40500,1.0,1.0666666666666667,1.075,1.125,1.175,1.0083333333333333,1.0833333333333333,0.008333333333333325,up
2023-07-11,12.0,13.9,11.7,12.8,12600,1.0,1.0078125,1.0546875,1.1015625,0.9453124999999999,1.015625,0.9531249999999999,-0.00837053571428573,down
2023-07-12,12.0,14.6,12.0,12.9,22100,1.0,1.0465116279069766,1.0930232558139534,0.937984496124031,1.0077519379844961,0.945736434108527,0.9844961240310077,-0.011904761904761899,down
2023-07-13,12.1,13.5,11.3,13.5,38600,1.0,1.0444444444444445,0.8962962962962963,0.9629629629629629,0.9037037037037037,0.9407407407407407,0.9703703703703703,-0.010317460317460331,down
2023-07-14,14.1,14.1,12.1,14.1,11400,1.0,0.8581560283687943,0.9219858156028369,0.8652482269503545,0.900709219858156,0.9290780141843972,0.9290780141843972,-0.0032928064842958457,sideways
2023-07-17,12.2,13.6,12.1,12.1,8200,1.0,1.0743801652892562,1.0082644628099173,1.0495867768595042,1.0826446280991735,1.0826446280991735,1.0330578512396695,0.006788665879574976,up
2023-07-18,13.8,13.9,12.1,13.0,23300,1.0,0.9384615384615385,0.9769230769230769,1.0076923076923077,1.0076923076923077,0.9615384615384616,0.9615384615384616,-0.0013736263736263677,sideways
2023-07-19,13.4,13.5,12.2,12.2,12100,1.0,1.040983606557377,1.0737704918032787,1.0737704918032787,1.0245901639344264,1.0245901639344264,1.1065573770491803,0.008489461358313835,up
2023-07-20,12.2,12.8,12.2,12.7,3400,1.0,1.031496062992126,1.031496062992126,0.984251968503937,0.984251968503937,1.062992125984252,1.031496062992126,0.003937007874015757,sideways
2023-07-21,12.5,13.3,12.3,13.1,21341,1.0,1.0,0.9541984732824428,0.9541984732824428,1.0305343511450382,1.0,0.9923664122137404,0.0019083969465648846,sideways
2023-07-24,13.3,13.3,12.5,13.1,8406,1.0,0.9541984732824428,0.9541984732824428,1.0305343511450382,1.0,0.9923664122137404,1.0534351145038168,0.01008724100327153,up
2023-07-25,12.5,13.3,12.3,12.5,15825,1.0,1.0,1.08,1.048,1.04,1.104,1.16,0.023142857142857135,up
2023-07-26,13.1,13.9,12.4,12.5,33000,1.0,1.08,1.048,1.04,1.104,1.16,1.072,0.015428571428571423,up
2023-07-27,12.5,13.5,12.3,13.5,38900,1.0,0.9703703703703703,0.9629629629629629,1.0222222222222224,1.0740740740740742,0.9925925925925926,0.9777777777777777,0.003174603174603179,sideways
2023-07-28,12.5,14.6,12.5,13.1,71700,1.0,0.9923664122137404,1.0534351145038168,1.1068702290076335,1.0229007633587788,1.0076335877862594,0.984732824427481,-0.0016357688113413215,sideways
2023-07-31,12.6,14.3,12.5,13.0,66300,1.0,1.0615384615384615,1.1153846153846154,1.0307692307692309,1.0153846153846153,0.9923076923076923,1.0538461538461539,-0.0027472527472527457,sideways
2023-08-01,13.7,13.8,12.7,13.8,77800,1.0,1.0507246376811594,0.9710144927536232,0.9565217391304347,0.9347826086956521,0.9927536231884057,0.9637681159420289,-0.00931677018633542,down
2023-08-02,13.2,14.5,12.8,14.5,64800,1.0,0.9241379310344828,0.9103448275862068,0.8896551724137931,0.9448275862068966,0.9172413793103449,0.9448275862068966,-0.005172413793103446,down
2023-08-03,12.9,14.7,12.8,13.4,110620,1.0,0.9850746268656716,0.9626865671641791,1.0223880597014925,0.9925373134328358,1.0223880597014925,1.007462686567164,0.004530916844349669,up
2023-08-04,13.0,14.5,12.7,13.2,55000,1.0,0.9772727272727274,1.0378787878787878,1.0075757575757578,1.0378787878787878,1.0227272727272727,0.9848484848484849,0.0016233766233766144,sideways
2023-08-07,13.9,13.9,12.9,12.9,5221,1.0,1.0620155038759689,1.0310077519379846,1.0620155038759689,1.0465116279069766,1.0077519379844961,1.0930232558139534,0.006644518272425246,up
2023-08-08,13.5,13.8,12.9,13.7,7500,1.0,0.9708029197080293,1.0,0.9854014598540146,0.9489051094890512,1.0291970802919708,0.9854014598540146,0.0007820646506777806,sideways
2023-08-09,13.0,13.9,12.7,13.3,47800,1.0,1.0300751879699248,1.0150375939849623,0.9774436090225563,1.0601503759398496,1.0150375939849623,1.037593984962406,0.004564983888292161,up
2023-08-10,13.7,13.9,13.7,13.7,12100,1.0,0.9854014598540146,0.9489051094890512,1.0291970802919708,0.9854014598540146,1.0072992700729928,1.0145985401459854,0.004431699687174141,up
2023-08-11,13.8,14.6,13.3,13.5,23900,1.0,0.9629629629629629,1.0444444444444445,1.0,1.0222222222222224,1.0296296296296297,1.0148148148148148,0.005555555555555567,up
2023-08-14,13.1,14.5,12.8,13.0,51902,1.0,1.0846153846153845,1.0384615384615385,1.0615384615384615,1.0692307692307692,1.0538461538461539,1.0230769230769232,0.0013736263736263924,sideways
2023-08-15,13.0,14.1,12.8,14.1,26700,1.0,0.9574468085106383,0.9787234042553192,0.9858156028368795,0.9716312056737588,0.9432624113475178,0.9716312056737588,-0.00430597771023304,down
2023-08-16,13.9,14.9,13.1,13.5,78700,1.0,1.0222222222222224,1.0296296296296297,1.0148148148148148,0.9851851851851853,1.0148148148148148,0.9851851851851853,-0.0037037037037037004,sideways
2023-08-17,13.2,13.8,13.0,13.8,34059,1.0,1.0072463768115942,0.9927536231884057,0.9637681159420289,0.9927536231884057,0.9637681159420289,0.9927536231884057,-0.0038819875776397715,sideways
2023-08-18,13.8,14.0,13.1,13.9,384200,1.0,0.9856115107913669,0.9568345323741008,0.9856115107913669,0.9568345323741008,0.9856115107913669,0.9856115107913669,-0.0015416238437821193,sideways
2023-08-21,13.7,13.8,13.0,13.7,62102,1.0,0.9708029197080293,1.0,0.9708029197080293,1.0,1.0,0.9781021897810219,-0.0002606882168926041,sideways
2023-08-22,13.7,13.9,13.1,13.3,296302,1.0,1.0300751879699248,1.0,1.0300751879699248,1.0300751879699248,1.0075187969924813,1.045112781954887,0.0042964554242749635,up
2023-08-23,13.8,14.5,13.3,13.7,40500,1.0,0.9708029197080293,1.0,1.0,0.9781021897810219,1.0145985401459854,1.0072992700729928,0.0031282586027111567,sideways
2023-08-24,13.8,13.8,13.2,13.3,14300,1.0,1.0300751879699248,1.0300751879699248,1.0075187969924813,1.045112781954887,1.037593984962406,1.0,0.0010741138560687433,sideways
2023-08-25,13.2,13.7,13.2,13.7,13900,1.0,1.0,0.9781021897810219,1.0145985401459854,1.0072992700729928,0.9708029197080293,1.0,-0.0010427528675703724,sideways
2023-08-28,13.7,13.7,13.3,13.7,17506,1.0,0.9781021897810219,1.0145985401459854,1.0072992700729928,0.9708029197080293,1.0,0.9708029197080293,-0.0031282586027111376,sideways
2023-08-29,13.3,14.2,13.2,13.4,64701,1.0,1.037313432835821,1.0298507462686568,0.9925373134328358,1.0223880597014925,0.9925373134328358,1.037313432835821,0.0005330490405117206,sideways
2023-08-30,13.3,13.9,13.3,13.9,25600,1.0,0.9928057553956835,0.9568345323741008,0.9856115107913669,0.9568345323741008,1.0,0.9928057553956835,-0.000256937307297018,sideways
2023-08-31,13.8,13.9,13.3,13.8,30300,1.0,0.9637681159420289,0.9927536231884057,0.9637681159420289,1.0072463768115942,1.0,0.9565217391304347,-0.0015527950310558994,sideways
2023-09-05,13.8,13.8,13.2,13.3,23300,1.0,1.0300751879699248,1.0,1.045112781954887,1.037593984962406,0.9924812030075187,1.0300751879699248,0.0018796992481202978,sideways
2023-09-06,13.3,13.7,13.2,13.7,14600,1.0,0.9708029197080293,1.0145985401459854,1.0072992700729928,0.9635036496350365,1.0,0.9781021897810219,-0.0020855057351407765,sideways
2023-09-07,13.7,13.7,13.2,13.3,14700,1.0,1.045112781954887,1.037593984962406,0.9924812030075187,1.0300751879699248,1.0075187969924813,1.0300751879699248,0.00026852846401719595,sideways
2023-09-08,13.4,14.0,13.4,13.9,226900,1.0,0.9928057553956835,0.9496402877697842,0.9856115107913669,0.9640287769784173,0.9856115107913669,0.9712230215827338,-0.0030832476875642424,sideways
2023-09-11,13.4,14.0,13.3,13.8,28000,1.0,0.9565217391304347,0.9927536231884057,0.9710144927536232,0.9927536231884057,0.9782608695652173,1.0,0.0015527950310559,sideways
2023-09-12,13.4,13.8,13.2,13.2,11500,1.0,1.0378787878787878,1.0151515151515151,1.0378787878787878,1.0227272727272727,1.0454545454545456,1.0075757575757578,0.001623376623376661,sideways
2023-09-13,13.4,13.7,13.3,13.7,26000,1.0,0.9781021897810219,1.0,0.9854014598540146,1.0072992700729928,0.9708029197080293,1.0218978102189782,0.0020855057351407925,sideways
2023-09-14,13.7,13.7,13.4,13.4,16600,1.0,1.0223880597014925,1.007462686567164,1.0298507462686568,0.9925373134328358,1.044776119402985,0.9850746268656716,-0.0005330490405117324,sideways
2023-09-15,13.7,13.7,13.5,13.7,14500,1.0,0.9854014598540146,1.0072992700729928,0.9708029197080293,1.0218978102189782,0.9635036496350365,0.9708029197080293,-0.004171011470281527,sideways
2023-09-18,13.4,13.5,13.4,13.5,4300,1.0,1.0222222222222224,0.9851851851851853,1.037037037037037,0.9777777777777777,0.9851851851851853,1.0074074074074073,-0.0021164021164021348,sideways
2023-09-19,13.8,14.0,13.5,13.8,57700,1.0,0.9637681159420289,1.0144927536231882,0.9565217391304347,0.9637681159420289,0.9855072463768115,0.9855072463768115,-0.0018115942028985544,sideways
2023-09-20,13.5,13.5,13.3,13.3,11200,1.0,1.0526315789473684,0.9924812030075187,1.0,1.0225563909774436,1.0225563909774436,1.0,-0.001074113856068743,sideways
2023-09-21,13.4,14.0,13.3,14.0,119100,1.0,0.9428571428571428,0.9500000000000001,0.9714285714285714,0.9714285714285714,0.9500000000000001,0.9642857142857143,-0.0025510204081632595,sideways
2023-09-22,13.3,13.8,13.2,13.2,9600,1.0,1.0075757575757578,1.0303030303030303,1.0303030303030303,1.0075757575757578,1.0227272727272727,0.946969696969697,-0.005411255411255414,down
2023-09-25,13.6,13.7,13.3,13.3,8600,1.0,1.0225563909774436,1.0225563909774436,1.0,1.0150375939849623,0.9398496240601504,0.9398496240601504,-0.01262083780880773,down
2023-09-26,13.6,13.6,13.4,13.6,8400,1.0,1.0,0.9779411764705883,0.9926470588235294,0.9191176470588236,0.9191176470588236,1.022058823529412,-0.005514705882352922,down
2023-09-27,13.4,13.6,13.4,13.6,3000,1.0,0.9779411764705883,0.9926470588235294,0.9191176470588236,0.9191176470588236,1.022058823529412,0.9926470588235294,-0.0002626050420167974,sideways
2023-09-28,13.3,13.3,13.3,13.3,2026,1.0,1.0150375939849623,0.9398496240601504,0.9398496240601504,1.045112781954887,1.0150375939849623,1.0075187969924813,0.00456498388829216,up
2023-09-29,13.3,13.5,12.0,13.5,20001,1.0,0.9259259259259259,0.9259259259259259,1.0296296296296297,1.0,0.9925925925925926,1.0222222222222224,0.009788359788359801,up
2023-10-02,12.5,12.5,12.5,12.5,10200,1.0,1.0,1.112,1.08,1.072,1.104,1.08,0.01457142857142858,up
2023-10-03,12.5,13.5,12.5,12.5,11200,1.0,1.112,1.08,1.072,1.104,1.08,1.032,0.0020000000000000013,sideways
2023-10-04,13.4,13.9,12.7,13.9,7100,1.0,0.9712230215827338,0.9640287769784173,0.9928057553956835,0.9712230215827338,0.9280575539568345,0.9712230215827338,-0.005909558067831452,down
2023-10-05,13.7,13.7,13.5,13.5,2100,1.0,0.9925925925925926,1.0222222222222224,1.0,0.9555555555555556,1.0,0.9777777777777777,-0.004232804232804237,sideways
2023-10-06,13.6,13.6,12.8,13.4,5300,1.0,1.0298507462686568,1.007462686567164,0.9626865671641791,1.007462686567164,0.9850746268656716,0.9776119402985074,-0.005597014925373149,down
2023-10-09,13.8,13.8,13.8,13.8,100,1.0,0.9782608695652173,0.9347826086956521,0.9782608695652173,0.9565217391304347,0.9492753623188405,0.9855072463768115,-0.0028467908902691584,sideways
2023-10-10,12.8,13.5,12.8,13.5,6900,1.0,0.9555555555555556,1.0,0.9777777777777777,0.9703703703703703,1.0074074074074073,0.9481481481481482,-0.0029100529100529165,sideways
2023-10-11,12.8,13.4,12.8,12.9,6300,1.0,1.0465116279069766,1.0232558139534882,1.0155038759689923,1.0542635658914727,0.9922480620155039,1.0,-0.002768549280177176,sideways
2023-10-12,13.7,13.8,12.9,13.5,9400,1.0,0.9777777777777777,0.9703703703703703,1.0074074074074073,0.9481481481481482,0.9555555555555556,0.9333333333333333,-0.009523809523809513,down
2023-10-13,12.9,13.2,12.9,13.2,4405,1.0,0.9924242424242424,1.0303030303030303,0.9696969696969698,0.9772727272727274,0.9545454545454546,0.9393939393939394,-0.011093073593073578,down
2023-10-16,13.1,13.1,13.1,13.1,106,1.0,1.0381679389312977,0.9770992366412214,0.984732824427481,0.9618320610687023,0.9465648854961832,0.9389312977099238,-0.013631406761177738,down
2023-10-17,13.7,13.7,12.9,13.6,16246,1.0,0.9411764705882354,0.948529411764706,0.9264705882352942,0.911764705882353,0.9044117647058825,0.8529411764705882,-0.019695378151260504,down
2023-10-18,13.4,13.4,12.8,12.8,1200,1.0,1.0078125,0.9843749999999999,0.96875,0.9609375,0.9062499999999999,0.8749999999999999,-0.02148437500000001,down
2023-10-19,12.5,12.9,12.1,12.9,3100,1.0,0.9767441860465116,0.9612403100775194,0.9534883720930233,0.8992248062015503,0.8682170542635658,0.9612403100775194,-0.014119601328903655,down
2023-10-20,12.6,12.6,12.6,12.6,110,1.0,0.9841269841269842,0.9761904761904763,0.9206349206349206,0.8888888888888888,0.9841269841269842,0.9365079365079366,-0.009920634920634911,down
2023-10-23,12.6,12.6,12.2,12.4,6300,1.0,0.9919354838709677,0.9354838709677419,0.9032258064516128,1.0,0.9516129032258065,0.9838709677419354,-0.0023041474654377945,sideways
2023-10-24,12.3,12.3,12.3,12.3,100,1.0,0.9430894308943089,0.9105691056910568,1.008130081300813,0.959349593495935,0.9918699186991868,0.9837398373983739,0.0034843205574912797,sideways
2023-10-25,11.6,12.3,11.2,11.6,8500,1.0,0.9655172413793103,1.0689655172413794,1.017241379310345,1.0517241379310345,1.043103448275862,0.9827586206896552,0.003078817733990157,sideways
2023-10-26,12.5,13.1,11.1,11.2,9901,1.0,1.1071428571428572,1.0535714285714286,1.0892857142857142,1.0803571428571428,1.017857142857143,1.0357142857142858,-0.0015943877551020272,sideways
2023-10-27,11.3,12.4,11.3,12.4,9539,1.0,0.9516129032258065,0.9838709677419354,0.9758064516129031,0.9193548387096774,0.9354838709677419,0.9435483870967741,-0.009504608294930886,down
2023-10-30,11.9,11.9,11.8,11.8,2600,1.0,1.0338983050847457,1.0254237288135593,0.9661016949152542,0.983050847457627,0.9915254237288135,0.847457627118644,-0.020883777239709442,down
2023-10-31,11.9,12.2,11.9,12.2,5600,1.0,0.9918032786885246,0.9344262295081968,0.9508196721311476,0.9590163934426229,0.819672131147541,0.9098360655737705,-0.02107728337236534,down
2023-11-01,12.1,12.1,11.1,12.1,5200,1.0,0.9421487603305786,0.9586776859504132,0.9669421487603306,0.8264462809917356,0.9173553719008264,0.9173553719008264,-0.015348288075560818,down
2023-11-02,11.9,11.9,10.0,11.4,4700,1.0,1.0175438596491226,1.026315789473684,0.8771929824561403,0.9736842105263157,0.9736842105263157,0.9649122807017544,-0.008771929824561391,down
2023-11-03,11.9,11.9,11.1,11.6,4800,1.0,1.0086206896551724,0.8620689655172414,0.9568965517241379,0.9568965517241379,0.9482758620689655,0.9396551724137931,-0.0073891625615763465,down
2023-11-06,11.4,11.9,11.2,11.7,9101,1.0,0.8547008547008548,0.9487179487179488,0.9487179487179488,0.9401709401709403,0.9316239316239318,0.9487179487179488,-0.0003052503052502908,sideways
2023-11-07,11.3,11.7,10.0,10.0,15700,1.0,1.1099999999999999,1.1099999999999999,1.1,1.09,1.1099999999999999,1.03,0.0025000000000000096,sideways
2023-11-08,11.1,11.1,10.0,11.1,1506,1.0,1.0,0.990990990990991,0.981981981981982,1.0,0.927927927927928,0.927927927927928,-0.012548262548262532,down
2023-11-09,11.1,11.5,10.2,11.1,13739,1.0,0.990990990990991,0.981981981981982,1.0,0.927927927927928,0.927927927927928,0.981981981981982,-0.008365508365508352,down
2023-11-10,11.1,11.4,10.1,11.0,4801,1.0,0.990909090909091,1.009090909090909,0.9363636363636364,0.9363636363636364,0.990909090909091,0.9818181818181819,-0.00454545454545453,down
2023-11-13,11.2,11.2,10.9,10.9,2200,1.0,1.018348623853211,0.944954128440367,0.944954128440367,1.0,0.9908256880733946,0.9816513761467889,-0.001965923984272608,sideways
2023-11-14,10.9,11.3,10.0,11.1,16200,1.0,0.927927927927928,0.927927927927928,0.981981981981982,0.972972972972973,0.9639639639639639,0.981981981981982,0.002252252252252249,sideways
2023-11-15,11.1,11.3,10.1,10.3,7700,1.0,1.0,1.058252427184466,1.0485436893203883,1.0388349514563104,1.058252427184466,1.0388349514563104,0.007628294036060992,up
2023-11-16,10.2,11.0,10.2,10.3,5400,1.0,1.058252427184466,1.0485436893203883,1.0388349514563104,1.058252427184466,1.0388349514563104,1.0388349514563104,0.0031206657420249236,sideways
2023-11-17,10.2,10.9,10.2,10.9,10801,1.0,0.9908256880733946,0.9816513761467889,1.0,0.9816513761467889,0.9816513761467889,1.0,-0.0006553079947575476,sideways
2023-11-20,10.6,10.8,10.6,10.8,4100,1.0,0.9907407407407406,1.0092592592592593,0.9907407407407406,0.9907407407407406,1.0092592592592593,0.9814814814814814,-0.0013227513227513244,sideways
2023-11-21,10.7,10.7,10.7,10.7,100,1.0,1.0186915887850467,1.0,1.0,1.0186915887850467,0.9906542056074766,1.0186915887850467,0.0006675567423230974,sideways
2023-11-22,10.2,11.2,10.2,10.9,12900,1.0,0.9816513761467889,0.9816513761467889,1.0,0.9724770642201834,1.0,0.9816513761467889,-0.0009829619921363055,sideways
2023-11-23,10.2,10.8,10.2,10.7,3705,1.0,1.0,1.0186915887850467,0.9906542056074766,1.0186915887850467,1.0,1.0186915887850467,0.002002670226969292,sideways
2023-11-24,10.3,10.7,10.1,10.7,9800,1.0,1.0186915887850467,0.9906542056074766,1.0186915887850467,1.0,1.0186915887850467,1.0186915887850467,0.0023364485981308405,sideways
2023-11-27,10.7,10.9,10.1,10.9,10410,1.0,0.9724770642201834,1.0,0.9816513761467889,1.0,1.0,1.0091743119266054,0.00294888597640891,sideways
2023-11-28,10.7,11.1,10.3,10.6,8000,1.0,1.028301886792453,1.0094339622641508,1.028301886792453,1.028301886792453,1.0377358490566038,1.0377358490566038,0.0053908355795148225,up
2023-11-29,11.1,11.1,10.3,10.9,5000,1.0,0.9816513761467889,1.0,1.0,1.0091743119266054,1.0091743119266054,1.055045871559633,0.00819134993446919,up
2023-11-30,10.3,10.9,10.3,10.7,7700,1.0,1.0186915887850467,1.0186915887850467,1.0280373831775702,1.0280373831775702,1.074766355140187,1.1588785046728973,0.021361815754339132,up
2023-12-01,10.7,10.9,10.3,10.9,9000,1.0,1.0,1.0091743119266054,1.0091743119266054,1.055045871559633,1.1376146788990826,1.146788990825688,0.027195281782437748,up
2023-12-04,10.6,10.9,10.2,10.9,12500,1.0,1.0091743119266054,1.0091743119266054,1.055045871559633,1.1376146788990826,1.146788990825688,1.110091743119266,0.026212319790301447,up
2023-12-05,10.4,11.0,10.3,11.0,13200,1.0,1.0,1.0454545454545454,1.1272727272727272,1.1363636363636365,1.0999999999999999,1.1181818181818182,0.023051948051948042,up
2023-12-06,10.4,11.0,10.3,11.0,16100,1.0,1.0454545454545454,1.1272727272727272,1.1363636363636365,1.0999999999999999,1.1181818181818182,1.1272727272727272,0.017857142857142842,up
2023-12-07,10.7,11.5,10.7,11.5,13400,1.0,1.0782608695652174,1.0869565217391304,1.0521739130434782,1.0695652173913044,1.0782608695652174,1.0695652173913044,0.0068322981366459685,up
2023-12-08,11.3,12.4,10.5,12.4,20600,1.0,1.0080645161290323,0.9758064516129031,0.9919354838709677,1.0,0.9919354838709677,0.9919354838709677,-0.001152073732718889,sideways
2023-12-11,11.1,12.6,11.1,12.5,15600,1.0,0.968,0.9840000000000001,0.992,0.9840000000000001,0.9840000000000001,0.9840000000000001,-0.0005714285714285521,sideways
2023-12-12,11.4,12.5,11.4,12.1,8005,1.0,1.0165289256198349,1.0247933884297522,1.0165289256198349,1.0165289256198349,1.0165289256198349,1.0247933884297522,0.0023612750885478313,sideways
2023-12-13,11.7,12.4,11.5,12.3,14720,1.0,1.008130081300813,1.0,1.0,1.0,1.008130081300813,1.008130081300813,0.000871080139372815,sideways
2023-12-14,12.3,12.4,11.7,12.4,10000,1.0,0.9919354838709677,0.9919354838709677,0.9919354838709677,1.0,1.0,1.0,0.0008640552995391697,sideways
2023-12-15,12.3,12.3,12.3,12.3,8100,1.0,1.0,1.0,1.008130081300813,1.008130081300813,1.008130081300813,0.9918699186991868,-2.376781436001869e-17,sideways
2023-12-18,12.3,12.4,12.3,12.3,8903,1.0,1.0,1.008130081300813,1.008130081300813,1.008130081300813,0.9918699186991868,1.0,-0.0005807200929152258,sideways
2023-12-19,12.3,12.3,12.3,12.3,100,1.0,1.008130081300813,1.008130081300813,1.008130081300813,0.9918699186991868,1.0,0.9918699186991868,-0.002032520325203267,sideways
2023-12-20,12.2,12.4,11.5,12.4,4600,1.0,1.0,1.0,0.9838709677419354,0.9919354838709677,0.9838709677419354,0.9919354838709677,-0.0023041474654377937,sideways
2023-12-21,12.4,12.4,12.4,12.4,100,1.0,1.0,0.9838709677419354,0.9919354838709677,0.9838709677419354,0.9919354838709677,0.9919354838709677,-0.001440092165898616,sideways
2023-12-22,12.4,12.4,11.7,12.4,4400,1.0,0.9838709677419354,0.9919354838709677,0.9838709677419354,0.9919354838709677,0.9919354838709677,0.9919354838709677,-0.00028801843317971515,sideways
2023-12-25,12.2,12.2,11.7,12.2,5600,1.0,1.0081967213114755,1.0,1.0081967213114755,1.0081967213114755,1.0081967213114755,1.0081967213114755,0.0011709601873536469,sideways
2023-12-26,11.7,12.3,11.7,12.3,6700,1.0,0.9918699186991868,1.0,1.0,1.0,1.0,1.008130081300813,0.0014518002322880406,sideways
2023-12-27,12.2,12.2,11.8,12.2,5700,1.0,1.0081967213114755,1.0081967213114755,1.0081967213114755,1.0081967213114755,1.0163934426229508,1.0163934426229508,0.0023419203747072543,sideways
2023-12-28,12.4,12.4,12.3,12.3,1700,1.0,1.0,1.0,1.0,1.008130081300813,1.008130081300813,0.9512195121951218,-0.004355400696864135,down
2023-12-29,12.3,12.3,12.3,12.3,800,1.0,1.0,1.0,1.008130081300813,1.008130081300813,0.9512195121951218,1.0,-0.003193960511033695,sideways
2024-01-02,12.3,12.3,12.3,12.3,1800,1.0,1.0,1.008130081300813,1.008130081300813,0.9512195121951218,1.0,0.975609756097561,-0.004645760743321722,down
2024-01-03,12.3,12.3,12.3,12.3,1500,1.0,1.008130081300813,1.008130081300813,0.9512195121951218,1.0,0.975609756097561,0.9837398373983739,-0.004355400696864115,down
2024-01-04,12.3,12.4,12.3,12.4,801,1.0,1.0,0.9435483870967741,0.9919354838709677,0.9677419354838709,0.9758064516129031,0.9435483870967741,-0.006912442396313376,down
2024-01-05,11.7,12.4,11.7,12.4,4300,1.0,0.9435483870967741,0.9919354838709677,0.9677419354838709,0.9758064516129031,0.9435483870967741,0.9435483870967741,-0.006624423963133648,down
2024-01-08,11.8,11.8,11.7,11.7,300,1.0,1.0512820512820513,1.0256410256410258,1.0341880341880343,1.0,1.0,1.0170940170940173,-0.0027472527472527366,sideways
2024-01-09,11.8,12.3,11.8,12.3,4400,1.0,0.975609756097561,0.9837398373983739,0.9512195121951218,0.9512195121951218,0.9674796747967479,0.975609756097561,-0.004355400696864118,down
2024-01-10,11.7,12.0,11.6,12.0,1800,1.0,1.0083333333333333,0.975,0.975,0.9916666666666667,1.0,1.0,3.933983066485852e-18,sideways
2024-01-11,12.0,12.1,12.0,12.1,700,1.0,0.9669421487603306,0.9669421487603306,0.9834710743801653,0.9917355371900827,0.9917355371900827,0.9917355371900827,0.001770956316410867,sideways
2024-01-12,12.1,12.1,11.7,11.7,1800,1.0,1.0,1.0170940170940173,1.0256410256410258,1.0256410256410258,1.0256410256410258,1.0085470085470087,0.00305250305250308,sideways
2024-01-15,11.9,11.9,11.7,11.7,200,1.0,1.0170940170940173,1.0256410256410258,1.0256410256410258,1.0256410256410258,1.0085470085470087,1.0,-0.0006105006105006081,sideways
2024-01-16,11.9,11.9,11.9,11.9,100,1.0,1.0084033613445378,1.0084033613445378,1.0084033613445378,0.9915966386554622,0.9831932773109243,1.0084033613445378,-0.0015006002400960406,sideways
2024-01-17,12.0,12.0,12.0,12.0,100,1.0,1.0,1.0,0.9833333333333334,0.975,1.0,0.9833333333333334,-0.0026785714285714225,sideways
2024-01-18,12.0,12.0,12.0,12.0,100,1.0,1.0,0.9833333333333334,0.975,1.0,0.9833333333333334,0.9833333333333334,-0.002380952380952372,sideways
2024-01-19,12.0,12.0,12.0,12.0,110,1.0,0.9833333333333334,0.975,1.0,0.9833333333333334,0.9833333333333334,0.9833333333333334,-0.0014880952380952283,sideways
2024-01-22,12.0,12.0,11.8,11.8,200,1.0,0.9915254237288135,1.0169491525423728,1.0,1.0,1.0,0.983050847457627,-0.0018159806295399504,sideways
2024-01-23,11.7,11.7,11.7,11.7,100,1.0,1.0256410256410258,1.0085470085470087,1.0085470085470087,1.0085470085470087,0.9914529914529915,0.9914529914529915,-0.0033577533577533614,sideways
2024-01-24,12.0,12.0,12.0,12.0,100,1.0,0.9833333333333334,0.9833333333333334,0.9833333333333334,0.9666666666666667,0.9666666666666667,1.0,-0.001785714285714291,sideways
2024-01-25,11.9,11.9,11.8,11.8,10100,1.0,1.0,1.0,0.983050847457627,0.983050847457627,1.0169491525423728,1.0169491525423728,0.002421307506053258,sideways
2024-01-26,11.8,11.8,11.8,11.8,7200,1.0,1.0,0.983050847457627,0.983050847457627,1.0169491525423728,1.0169491525423728,1.0169491525423728,0.0042372881355932125,sideways
2024-01-29,11.8,11.8,11.8,11.8,100,1.0,0.983050847457627,0.983050847457627,1.0169491525423728,1.0169491525423728,1.0169491525423728,1.0169491525423728,0.005447941888619852,up
2024-01-30,11.7,11.7,11.6,11.6,400,1.0,1.0,1.0344827586206897,1.0344827586206897,1.0344827586206897,1.0344827586206897,1.0344827586206897,0.006157635467980306,up
2024-01-31,11.6,11.6,11.6,11.6,100,1.0,1.0344827586206897,1.0344827586206897,1.0344827586206897,1.0344827586206897,1.0344827586206897,0.9396551724137931,-0.006465517241379305,down
2024-02-01,12.0,12.0,12.0,12.0,400,1.0,1.0,1.0,1.0,1.0,0.9083333333333333,0.9916666666666667,-0.0074404761904761875,down
2024-02-02,12.0,12.0,12.0,12.0,100,1.0,1.0,1.0,1.0,0.9083333333333333,0.9916666666666667,0.9833333333333334,-0.005654761904761895,down
2024-02-05,12.0,12.0,12.0,12.0,0,1.0,1.0,1.0,0.9083333333333333,0.9916666666666667,0.9833333333333334,0.9833333333333334,-0.003273809523809511,sideways
2024-02-06,12.0,12.0,12.0,12.0,120,1.0,1.0,0.9083333333333333,0.9916666666666667,0.9833333333333334,0.9833333333333334,0.9833333333333334,-0.00029761904761903464,sideways
2024-02-07,10.6,12.0,10.6,12.0,2700,1.0,0.9083333333333333,0.9916666666666667,0.9833333333333334,0.9833333333333334,0.9833333333333334,0.9166666666666666,-0.003869047619047618,sideways
2024-02-15,11.9,11.9,10.9,10.9,6500,1.0,1.091743119266055,1.0825688073394495,1.0825688073394495,1.0825688073394495,1.0091743119266054,1.018348623853211,-0.0039318479685452245,sideways
2024-02-16,10.9,11.9,10.9,11.9,3000,1.0,0.9915966386554622,0.9915966386554622,0.9915966386554622,0.9243697478991596,0.9327731092436974,0.9831932773109243,-0.00840336134453783,down
2024-02-19,11.8,11.8,11.8,11.8,109,1.0,1.0,1.0,0.9322033898305084,0.9406779661016949,0.9915254237288135,0.9915254237288135,-0.003631961259079921,sideways
2024-02-20,11.8,11.8,11.8,11.8,300,1.0,1.0,0.9322033898305084,0.9406779661016949,0.9915254237288135,0.9915254237288135,0.983050847457627,-0.0003026634382566736,sideways
2024-02-21,11.8,11.8,11.8,11.8,700,1.0,0.9322033898305084,0.9406779661016949,0.9915254237288135,0.9915254237288135,0.983050847457627,0.983050847457627,0.0036319612590798933,sideways
2024-02-22,11.3,11.3,11.0,11.0,8000,1.0,1.009090909090909,1.0636363636363635,1.0636363636363635,1.0545454545454545,1.0545454545454545,1.0,0.00292207792207792,sideways
2024-02-23,11.2,11.8,11.1,11.1,10000,1.0,1.054054054054054,1.054054054054054,1.045045045045045,1.045045045045045,0.990990990990991,0.990990990990991,-0.005791505791505783,down
2024-02-26,11.7,11.7,11.7,11.7,300,1.0,1.0,0.9914529914529915,0.9914529914529915,0.9401709401709403,0.9401709401709403,0.9401709401709403,-0.012515262515262493,down
2024-02-27,11.7,11.7,11.7,11.7,0,1.0,0.9914529914529915,0.9914529914529915,0.9401709401709403,0.9401709401709403,0.9401709401709403,0.9401709401709403,-0.011904761904761883,down
2024-02-28,11.6,11.6,11.6,11.6,1400,1.0,1.0,0.9482758620689655,0.9482758620689655,0.9482758620689655,0.9482758620689655,1.043103448275862,0.0009236453201970479,sideways
2024-02-29,11.6,11.6,11.6,11.6,100,1.0,0.9482758620689655,0.9482758620689655,0.9482758620689655,0.9482758620689655,1.043103448275862,1.017241379310345,0.008620689655172431,up
2024-03-01,10.9,11.0,10.9,11.0,6900,1.0,1.0,1.0,1.0,1.0999999999999999,1.0727272727272728,0.990909090909091,0.007792207792207792,up
2024-03-04,11.0,11.0,11.0,11.0,100,1.0,1.0,1.0,1.0999999999999999,1.0727272727272728,0.990909090909091,0.990909090909091,0.0009740259740259836,sideways
2024-03-05,11.0,11.0,11.0,11.0,0,1.0,1.0,1.0999999999999999,1.0727272727272728,0.990909090909091,0.990909090909091,0.9818181818181819,-0.0064935064935064705,down
2024-03-06,12.1,12.4,11.0,11.0,12500,1.0,1.0999999999999999,1.0727272727272728,0.990909090909091,0.990909090909091,0.9818181818181819,0.9818181818181819,-0.013311688311688281,down
2024-03-07,12.1,12.1,12.1,12.1,2500,1.0,0.975206611570248,0.9008264462809918,0.9008264462809918,0.8925619834710745,0.8925619834710745,0.884297520661157,-0.018595041322314043,down
2024-03-08,11.8,11.8,11.8,11.8,100,1.0,0.923728813559322,0.923728813559322,0.9152542372881356,0.9152542372881356,0.9067796610169491,0.8728813559322034,-0.01513317191283293,down
2024-03-11,11.0,11.0,10.9,10.9,501,1.0,1.0,0.9908256880733946,0.9908256880733946,0.9816513761467889,0.944954128440367,0.9266055045871558,-0.012123197903014433,down
2024-03-12,10.8,10.9,10.8,10.9,901,1.0,0.9908256880733946,0.9908256880733946,0.9816513761467889,0.944954128440367,0.9266055045871558,1.036697247706422,-0.00229357798165139,sideways
2024-03-13,10.8,10.8,10.8,10.8,501,1.0,1.0,0.9907407407407406,0.9537037037037037,0.9351851851851851,1.0462962962962963,0.9444444444444443,-0.0046296296296296415,down
2024-03-14,11.9,11.9,10.8,10.8,300,1.0,0.9907407407407406,0.9537037037037037,0.9351851851851851,1.0462962962962963,0.9444444444444443,0.9537037037037037,-0.004960317460317458,down
2024-03-15,10.8,10.8,10.7,10.7,1900,1.0,0.9626168224299066,0.9439252336448598,1.0560747663551404,0.9532710280373832,0.9626168224299066,1.0467289719626167,0.0053404539385847665,up
2024-03-18,10.5,10.5,10.0,10.3,14500,1.0,0.9805825242718446,1.0970873786407767,0.9902912621359222,1.0,1.087378640776699,1.087378640776699,0.013522884882108182,up
2024-03-19,10.2,10.2,10.0,10.1,7400,1.0,1.118811881188119,1.00990099009901,1.0198019801980198,1.1089108910891088,1.1089108910891088,1.0198019801980198,0.004950495049504931,up
2024-03-20,11.5,11.5,11.3,11.3,1300,1.0,0.902654867256637,0.911504424778761,0.991150442477876,0.991150442477876,0.911504424778761,0.911504424778761,-0.0060050568900126364,down
2024-03-21,10.3,10.3,10.2,10.2,3700,1.0,1.0098039215686276,1.0980392156862746,1.0980392156862746,1.0098039215686276,1.0098039215686276,1.0294117647058825,1.5735932265943407e-17,sideways
2024-03-22,10.3,10.3,10.3,10.3,4900,1.0,1.087378640776699,1.087378640776699,1.0,1.0,1.0194174757281553,1.0194174757281553,-0.005894590846047154,down
2024-03-25,10.2,11.4,10.0,11.2,11600,1.0,1.0,0.9196428571428573,0.9196428571428573,0.9375000000000001,0.9375000000000001,0.9464285714285715,-0.009566326530612231,down
2024-03-26,11.2,11.2,11.2,11.2,4900,1.0,0.9196428571428573,0.9196428571428573,0.9375000000000001,0.9375000000000001,0.9464285714285715,0.9464285714285715,-0.0031887755102040804,sideways
2024-03-27,10.3,10.3,10.3,10.3,4500,1.0,1.0,1.0194174757281553,1.0194174757281553,1.029126213592233,1.029126213592233,1.029126213592233,0.005547850208044379,up
2024-03-28,10.3,10.3,10.3,10.3,0,1.0,1.0194174757281553,1.0194174757281553,1.029126213592233,1.029126213592233,1.029126213592233,1.029126213592233,0.004160887656033284,sideways
2024-03-29,10.3,10.5,10.3,10.5,200,1.0,1.0,1.0095238095238095,1.0095238095238095,1.0095238095238095,1.0095238095238095,1.0095238095238095,0.0017006802721088372,sideways
2024-04-01,11.1,11.1,10.5,10.5,4700,1.0,1.0095238095238095,1.0095238095238095,1.0095238095238095,1.0095238095238095,1.0095238095238095,1.0095238095238095,0.0010204081632653023,sideways
2024-04-02,11.1,11.1,10.6,10.6,5200,1.0,1.0,1.0,1.0,1.0,1.0,1.0566037735849056,0.006064690026954174,up
2024-04-03,11.5,11.5,10.6,10.6,9200,1.0,1.0,1.0,1.0,1.0,1.0566037735849056,1.0566037735849056,0.010107816711590292,up
2024-04-04,10.6,10.6,10.6,10.6,1400,1.0,1.0,1.0,1.0,1.0566037735849056,1.0566037735849056,0.9528301886792453,0.0010107816711590284,sideways
2024-04-05,10.6,10.6,10.6,10.6,0,1.0,1.0,1.0,1.0566037735849056,1.0566037735849056,0.9528301886792453,0.9716981132075473,-0.004380053908355782,down
2024-04-08,10.6,10.6,10.6,10.6,105,1.0,1.0,1.0566037735849056,1.0566037735849056,0.9528301886792453,0.9716981132075473,1.0188679245283019,-0.0037061994609164325,sideways
2024-04-09,10.6,10.6,10.6,10.6,0,1.0,1.0566037735849056,1.0566037735849056,0.9528301886792453,0.9716981132075473,1.0188679245283019,0.9528301886792453,-0.010781671159029642,down
2024-04-10,11.2,11.2,11.2,11.2,100,1.0,1.0,0.9017857142857143,0.9196428571428573,0.9642857142857144,0.9017857142857143,0.9285714285714287,-0.012436224489795896,down
2024-04-11,11.2,11.2,11.2,11.2,0,1.0,0.9017857142857143,0.9196428571428573,0.9642857142857144,0.9017857142857143,0.9285714285714287,0.9196428571428573,-0.007334183673469363,down
2024-04-12,10.1,10.1,10.1,10.1,1000,1.0,1.0198019801980198,1.0693069306930694,1.0,1.0297029702970297,1.0198019801980198,1.0297029702970297,0.0017680339462517703,sideways
2024-04-15,10.3,10.3,10.3,10.3,2600,1.0,1.0485436893203883,0.9805825242718446,1.0097087378640777,1.0,1.0097087378640777,1.0097087378640777,-0.0010402219140083172,sideways
2024-04-16,10.8,10.8,10.8,10.8,100,1.0,0.9351851851851851,0.9629629629629629,0.9537037037037037,0.9629629629629629,0.9629629629629629,0.9537037037037037,-0.002976190476190472,sideways
2024-04-17,10.1,10.1,10.1,10.1,900,1.0,1.0297029702970297,1.0198019801980198,1.0297029702970297,1.0297029702970297,1.0198019801980198,1.00990099009901,0.0007072135785007075,sideways
2024-04-19,10.4,10.4,9.6,10.4,3400,1.0,0.9903846153846154,1.0,1.0,0.9903846153846154,0.9807692307692306,0.9615384615384615,-0.005151098901098921,down
2024-04-22,10.3,10.3,9.6,10.3,1600,1.0,1.0097087378640777,1.0097087378640777,1.0,0.9902912621359222,0.9708737864077669,0.9902912621359222,-0.004507628294036083,down
2024-04-23,10.3,10.4,9.7,10.4,3600,1.0,1.0,0.9903846153846154,0.9807692307692306,0.9615384615384615,0.9807692307692306,0.9903846153846154,-0.0034340659340659453,sideways
2024-04-24,10.1,10.4,9.8,10.4,7800,1.0,0.9903846153846154,0.9807692307692306,0.9615384615384615,0.9807692307692306,0.9903846153846154,1.0,0.0,sideways
2024-04-25,10.3,10.3,10.3,10.3,700,1.0,0.9902912621359222,0.9708737864077669,0.9902912621359222,1.0,1.0097087378640777,1.058252427184466,0.008668515950069353,up
2024-04-26,10.3,10.3,10.2,10.2,1900,1.0,0.9803921568627452,1.0,1.0098039215686276,1.019607843137255,1.0686274509803924,1.0686274509803924,0.014355742296918802,up
2024-05-02,10.0,10.0,10.0,10.0,200,1.0,1.02,1.03,1.04,1.09,1.09,1.1199999999999999,0.019999999999999987,up
2024-05-03,10.2,10.2,10.2,10.2,2500,1.0,1.0098039215686276,1.019607843137255,1.0686274509803924,1.0686274509803924,1.0980392156862746,1.1568627450980393,0.02485994397759104,up
2024-05-06,9.7,10.3,9.7,10.3,5500,1.0,1.0097087378640777,1.058252427184466,1.058252427184466,1.087378640776699,1.145631067961165,1.1650485436893203,0.028432732316227442,up
2024-05-07,10.0,10.4,10.0,10.4,3400,1.0,1.0480769230769231,1.0480769230769231,1.0769230769230769,1.1346153846153846,1.1538461538461537,1.1442307692307692,0.026098901098901076,up
2024-05-08,10.4,11.1,10.1,10.9,9500,1.0,1.0,1.0275229357798163,1.0825688073394495,1.1009174311926606,1.091743119266055,1.091743119266055,0.01900393184796853,up
2024-05-09,10.3,11.2,10.3,10.9,10400,1.0,1.0275229357798163,1.0825688073394495,1.1009174311926606,1.091743119266055,1.091743119266055,1.091743119266055,0.014744429882044547,up
2024-05-10,11.0,11.6,10.6,11.2,9900,1.0,1.0535714285714286,1.0714285714285714,1.0625,1.0625,1.0625,1.0625,0.007015306122448976,up
2024-05-13,11.2,11.8,10.9,11.8,24100,1.0,1.0169491525423728,1.0084745762711864,1.0084745762711864,1.0084745762711864,1.0084745762711864,1.0084745762711864,0.0003026634382566576,sideways
2024-05-14,11.5,12.0,11.3,12.0,7500,1.0,0.9916666666666667,0.9916666666666667,0.9916666666666667,0.9916666666666667,0.9916666666666667,0.9916666666666667,-0.0008928571428571397,sideways
2024-05-15,11.9,11.9,11.9,11.9,3900,1.0,1.0,1.0,1.0,1.0,1.0,1.0,0.0,sideways
2024-05-16,11.9,11.9,11.9,11.9,0,1.0,1.0,1.0,1.0,1.0,1.0,1.0,0.0,sideways
2024-05-17,11.9,11.9,11.9,11.9,1000,1.0,1.0,1.0,1.0,1.0,1.0,1.0,0.0,sideways
2024-05-20,11.9,11.9,11.9,11.9,0,1.0,1.0,1.0,1.0,1.0,1.0,1.0,0.0,sideways
2024-05-21,11.9,11.9,11.9,11.9,0,1.0,1.0,1.0,1.0,1.0,1.0,1.0,0.0,sideways
2024-05-22,11.9,11.9,11.9,11.9,0,1.0,1.0,1.0,1.0,1.0,1.0,1.0,0.0,sideways
2024-05-23,11.9,11.9,11.9,11.9,0,1.0,1.0,1.0,1.0,1.0,1.0,1.0588235294117647,0.006302521008403363,up
2024-05-24,11.9,11.9,11.9,11.9,0,1.0,1.0,1.0,1.0,1.0,1.0588235294117647,1.0252100840336134,0.006902761104441768,up
2024-05-27,11.9,11.9,11.9,11.9,0,1.0,1.0,1.0,1.0,1.0588235294117647,1.0252100840336134,0.9243697478991596,-0.004201680672268919,sideways
2024-05-28,11.9,11.9,11.9,11.9,0,1.0,1.0,1.0,1.0588235294117647,1.0252100840336134,0.9243697478991596,1.0252100840336134,-0.0018007202881152632,sideways
2024-05-29,11.0,11.9,10.4,11.9,20700,1.0,1.0,1.0588235294117647,1.0252100840336134,0.9243697478991596,1.0252100840336134,1.0168067226890756,-0.0012004801920768463,sideways
2024-05-30,11.0,11.9,11.0,11.9,300,1.0,1.0588235294117647,1.0252100840336134,0.9243697478991596,1.0252100840336134,1.0168067226890756,1.0168067226890756,-0.0012004801920768421,sideways
2024-05-31,11.6,12.6,11.6,12.6,10600,1.0,0.9682539682539683,0.873015873015873,0.9682539682539683,0.9603174603174603,0.9603174603174603,0.9603174603174603,-0.0017006802721088378,sideways
2024-06-03,12.2,12.2,12.2,12.2,3000,1.0,0.9016393442622951,1.0,0.9918032786885246,0.9918032786885246,0.9918032786885246,0.9918032786885246,0.005269320843091333,up
2024-06-04,12.1,12.1,11.0,11.0,2407,1.0,1.1090909090909091,1.0999999999999999,1.0999999999999999,1.0999999999999999,1.0999999999999999,1.0999999999999999,0.010064935064935039,up
2024-06-05,12.2,12.2,12.1,12.2,9100,1.0,0.9918032786885246,0.9918032786885246,0.9918032786885246,0.9918032786885246,0.9918032786885246,0.9918032786885246,-0.0008782201405152232,sideways
2024-06-06,12.1,12.1,12.1,12.1,2900,1.0,1.0,1.0,1.0,1.0,1.0,1.0,0.0,sideways
2024-06-07,12.1,12.1,12.1,12.1,2200,1.0,1.0,1.0,1.0,1.0,1.0,1.0,0.0,sideways
2024-06-10,12.1,12.1,12.1,12.1,100,1.0,1.0,1.0,1.0,1.0,1.0,0.9917355371900827,-0.0008854781582054278,sideways
2024-06-11,12.1,12.1,12.1,12.1,0,1.0,1.0,1.0,1.0,1.0,0.9917355371900827,0.9917355371900827,-0.0014757969303423797,sideways
2024-06-12,12.1,12.1,12.1,12.1,0,1.0,1.0,1.0,1.0,0.9917355371900827,0.9917355371900827,0.9834710743801653,-0.002656434474616283,sideways
2024-06-13,12.1,12.1,12.1,12.1,0,1.0,1.0,1.0,0.9917355371900827,0.9917355371900827,0.9834710743801653,0.975206611570248,-0.004132231404958663,sideways
2024-06-14,11.0,12.1,10.7,12.1,7500,1.0,1.0,0.9917355371900827,0.9917355371900827,0.9834710743801653,0.975206611570248,1.0,-0.002066115702479331,sideways
2024-06-17,10.8,12.1,10.8,12.1,5303,1.0,0.9917355371900827,0.9917355371900827,0.9834710743801653,0.975206611570248,1.0,1.0,0.0,sideways
2024-06-18,12.1,12.1,12.0,12.0,2200,1.0,1.0,0.9916666666666667,0.9833333333333334,1.0083333333333333,1.0083333333333333,1.0083333333333333,0.0020833333333333255,sideways
2024-06-19,12.0,12.0,12.0,12.0,1600,1.0,0.9916666666666667,0.9833333333333334,1.0083333333333333,1.0083333333333333,1.0083333333333333,0.9166666666666666,-0.0068452380952381065,down
2024-06-20,11.9,11.9,11.9,11.9,4000,1.0,0.9915966386554622,1.0168067226890756,1.0168067226890756,1.0168067226890756,0.9243697478991596,1.0,-0.004801920768307329,down
2024-06-21,11.8,11.8,11.8,11.8,2300,1.0,1.0254237288135593,1.0254237288135593,1.0254237288135593,0.9322033898305084,1.0084745762711864,1.059322033898305,0.0018159806295399382,sideways
2024-06-24,11.0,12.1,11.0,12.1,2300,1.0,1.0,1.0,0.9090909090909092,0.9834710743801653,1.0330578512396695,1.0330578512396695,0.005312868949232606,up
2024-06-25,12.1,12.1,12.1,12.1,0,1.0,1.0,0.9090909090909092,0.9834710743801653,1.0330578512396695,1.0330578512396695,1.0330578512396695,0.010330578512396714,up
2024-06-26,10.9,12.1,10.9,12.1,2100,1.0,0.9090909090909092,0.9834710743801653,1.0330578512396695,1.0330578512396695,1.0330578512396695,1.0247933884297522,0.01328217237308148,up
2024-06-27,11.0,11.0,11.0,11.0,5100,1.0,1.0818181818181818,1.1363636363636365,1.1363636363636365,1.1363636363636365,1.1272727272727272,1.1272727272727272,0.016883116883116868,up
2024-06-28,11.9,11.9,11.9,11.9,1907,1.0,1.050420168067227,1.050420168067227,1.050420168067227,1.0420168067226891,1.0420168067226891,1.0420168067226891,0.0036014405762305043,sideways
2024-07-01,11.8,12.5,11.0,12.5,7700,1.0,1.0,1.0,0.992,0.992,0.992,0.992,-0.0017142857142857155,sideways
2024-07-02,12.5,12.5,11.0,12.5,5000,1.0,1.0,0.992,0.992,0.992,0.992,0.992,-0.0014285714285714292,sideways
2024-07-03,12.5,12.5,12.5,12.5,100,1.0,0.992,0.992,0.992,0.992,0.992,0.96,-0.004285714285714288,down
2024-07-04,12.5,12.5,12.4,12.4,1500,1.0,1.0,1.0,1.0,1.0,0.9677419354838709,0.9919354838709677,-0.003168202764976963,sideways
2024-07-05,12.4,12.4,12.2,12.4,1600,1.0,1.0,1.0,1.0,0.9677419354838709,0.9919354838709677,1.0,-0.0017281105990783433,sideways
2024-07-08,12.4,12.4,12.4,12.4,100,1.0,1.0,1.0,0.9677419354838709,0.9919354838709677,1.0,1.0,-0.00028801843317972334,sideways
2024-07-09,12.4,12.4,12.4,12.4,300,1.0,1.0,0.9677419354838709,0.9919354838709677,1.0,1.0,1.0,0.0011520737327188968,sideways
2024-07-10,12.4,12.4,12.4,12.4,100,1.0,0.9677419354838709,0.9919354838709677,1.0,1.0,1.0,1.0,0.0025921658986175168,sideways
2024-07-11,12.0,12.0,12.0,12.0,100,1.0,1.0250000000000001,1.0333333333333334,1.0333333333333334,1.0333333333333334,1.0333333333333334,1.0333333333333334,0.004166666666666676,sideways
2024-07-12,12.3,12.3,12.3,12.3,100,1.0,1.008130081300813,1.008130081300813,1.008130081300813,1.008130081300813,1.008130081300813,0.9105691056910568,-0.00958188153310106,down
2024-07-15,12.4,12.4,12.4,12.4,100,1.0,1.0,1.0,1.0,1.0,0.9032258064516128,1.0,-0.006912442396313371,down
2024-07-16,12.4,12.4,12.4,12.4,100,1.0,1.0,1.0,1.0,0.9032258064516128,1.0,0.9435483870967741,-0.009504608294930886,down
2024-07-17,12.4,12.4,12.4,12.4,100,1.0,1.0,1.0,0.9032258064516128,1.0,0.9435483870967741,0.9032258064516128,-0.01440092165898619,down
2024-07-18,12.4,12.4,12.4,12.4,0,1.0,1.0,0.9032258064516128,1.0,0.9435483870967741,0.9032258064516128,0.9758064516129031,-0.008064516129032273,down
2024-07-19,11.1,12.4,11.1,12.4,4100,1.0,0.9032258064516128,1.0,0.9435483870967741,0.9032258064516128,0.9758064516129031,0.9758064516129031,-0.0008640552995391831,sideways
2024-07-22,11.2,11.2,11.2,11.2,0,1.0,1.1071428571428572,1.0446428571428572,1.0,1.0803571428571428,1.0803571428571428,1.0803571428571428,0.00797193877551018,up
2024-07-23,12.3,12.4,11.1,12.4,8301,1.0,0.9435483870967741,0.9032258064516128,0.9758064516129031,0.9758064516129031,0.9758064516129031,0.9032258064516128,-0.005472350230414763,down
2024-07-24,11.1,11.7,11.1,11.7,4709,1.0,0.9572649572649573,1.0341880341880343,1.0341880341880343,1.0341880341880343,0.9572649572649573,0.9572649572649573,-0.004578754578754574,down
2024-07-25,11.2,11.2,11.2,11.2,200,1.0,1.0803571428571428,1.0803571428571428,1.0803571428571428,1.0,1.0,0.9821428571428572,-0.010522959183673455,down
2024-07-26,12.3,12.3,11.1,12.1,5200,1.0,1.0,1.0,0.9256198347107437,0.9256198347107437,0.9090909090909092,0.9173553719008264,-0.0180047225501771,down
2024-07-29,12.2,12.2,12.1,12.1,2700,1.0,1.0,0.9256198347107437,0.9256198347107437,0.9090909090909092,0.9173553719008264,0.9917355371900827,-0.007378984651711919,down
2024-07-30,12.2,12.2,11.1,12.1,5500,1.0,0.9256198347107437,0.9256198347107437,0.9090909090909092,0.9173553719008264,0.9917355371900827,1.0165289256198349,0.006198347107438043,up
2024-07-31,11.2,11.2,11.2,11.2,100,1.0,1.0,0.9821428571428572,0.9910714285714286,1.0714285714285714,1.0982142857142858,1.0892857142857142,0.01977040816326529,up
2024-08-01,12.3,12.3,11.2,11.2,5400,1.0,0.9821428571428572,0.9910714285714286,1.0714285714285714,1.0982142857142858,1.0892857142857142,1.0714285714285714,0.019132653061224473,up
2024-08-02,11.9,12.0,11.0,11.0,43700,1.0,1.009090909090909,1.0909090909090908,1.1181818181818182,1.1090909090909091,1.0909090909090908,1.0909090909090908,0.016233766233766225,up
2024-08-05,12.3,12.3,11.1,11.1,3500,1.0,1.0810810810810811,1.1081081081081081,1.099099099099099,1.0810810810810811,1.0810810810810811,1.1171171171171173,0.011583011583011595,up
2024-08-06,11.1,12.0,11.0,12.0,61000,1.0,1.0250000000000001,1.0166666666666666,1.0,1.0,1.0333333333333334,1.0083333333333333,0.00089285714285714,sideways
2024-08-07,12.3,12.3,11.3,12.3,3500,1.0,0.9918699186991868,0.975609756097561,0.975609756097561,1.008130081300813,0.9837398373983739,1.008130081300813,0.001451800232288033,sideways
2024-08-08,12.2,12.2,11.3,12.2,5800,1.0,0.9836065573770493,0.9836065573770493,1.0163934426229508,0.9918032786885246,1.0163934426229508,1.0245901639344264,0.005269320843091339,up
2024-08-09,12.3,12.3,11.3,12.0,45700,1.0,1.0,1.0333333333333334,1.0083333333333333,1.0333333333333334,1.0416666666666667,1.0250000000000001,0.005654761904761923,up
2024-08-12,12.0,12.4,11.3,12.0,37200,1.0,1.0333333333333334,1.0083333333333333,1.0333333333333334,1.0416666666666667,1.0250000000000001,1.0416666666666667,0.005059523809523822,up
2024-08-13,12.4,12.4,11.4,12.4,5400,1.0,0.9758064516129031,1.0,1.0080645161290323,0.9919354838709677,1.0080645161290323,1.0080645161290323,0.00288018433179724,sideways
2024-08-14,12.1,12.1,12.1,12.1,200,1.0,1.0247933884297522,1.0330578512396695,1.0165289256198349,1.0330578512396695,1.0330578512396695,1.0247933884297522,0.0032467532467532587,sideways
2024-08-15,12.4,12.4,12.4,12.4,3000,1.0,1.0080645161290323,0.9919354838709677,1.0080645161290323,1.0080645161290323,1.0,0.9919354838709677,-0.0008640552995391697,sideways
2024-08-16,12.4,12.5,12.4,12.5,2300,1.0,0.9840000000000001,1.0,1.0,0.992,0.9840000000000001,0.9840000000000001,-0.0019999999999999896,sideways
2024-08-19,12.3,12.3,12.3,12.3,100,1.0,1.0162601626016259,1.0162601626016259,1.008130081300813,1.0,1.0,1.008130081300813,-0.0008710801393728151,sideways
2024-08-21,11.3,12.5,11.3,12.5,6800,1.0,1.0,0.992,0.9840000000000001,0.9840000000000001,0.992,0.992,-0.0017142857142857118,sideways
2024-08-22,12.5,12.5,12.5,12.5,100,1.0,0.992,0.9840000000000001,0.9840000000000001,0.992,0.992,0.992,-0.0005714285714285759,sideways
2024-08-23,12.4,12.4,12.4,12.4,3000,1.0,0.9919354838709677,0.9919354838709677,1.0,1.0,1.0,1.0,0.0008640552995391697,sideways
2024-08-26,12.3,12.3,12.3,12.3,2200,1.0,1.0,1.008130081300813,1.008130081300813,1.008130081300813,1.008130081300813,1.0162601626016259,0.0023228803716608404,sideways
2024-08-27,12.3,12.3,12.3,12.3,1000,1.0,1.008130081300813,1.008130081300813,1.008130081300813,1.008130081300813,1.0162601626016259,1.008130081300813,0.001451800232288025,sideways
2024-08-29,12.4,12.4,12.4,12.4,100,1.0,1.0,1.0,1.0,1.0080645161290323,1.0,0.9919354838709677,-0.0005760368663594464,sideways
2024-08-30,12.4,12.4,12.4,12.4,100,1.0,1.0,1.0,1.0080645161290323,1.0,0.9919354838709677,0.9919354838709677,-0.001440092165898616,sideways
2024-09-04,12.4,12.4,12.4,12.4,100,1.0,1.0,1.0080645161290323,1.0,0.9919354838709677,0.9919354838709677,0.9919354838709677,-0.0020161290322580623,sideways
2024-09-05,12.4,12.4,12.4,12.4,100,1.0,1.0080645161290323,1.0,0.9919354838709677,0.9919354838709677,0.9919354838709677,0.9919354838709677,-0.0023041474654377854,sideways
2024-09-06,11.1,12.5,11.1,12.5,3400,1.0,0.992,0.9840000000000001,0.9840000000000001,0.9840000000000001,0.9840000000000001,0.9840000000000001,-0.0022857142857142677,sideways
2024-09-09,12.4,12.4,12.4,12.4,100,1.0,0.9919354838709677,0.9919354838709677,0.9919354838709677,0.9919354838709677,0.9919354838709677,0.9919354838709677,-0.0008640552995391697,sideways
2024-09-10,12.3,12.3,12.3,12.3,1800,1.0,1.0,1.0,1.0,1.0,1.0,0.9918699186991868,-0.0008710801393728388,sideways
2024-09-11,12.3,12.3,12.3,12.3,100,1.0,1.0,1.0,1.0,1.0,0.9918699186991868,0.9918699186991868,-0.0014518002322880647,sideways
2024-09-13,12.3,12.3,12.3,12.3,100,1.0,1.0,1.0,1.0,0.9918699186991868,0.9918699186991868,0.9918699186991868,-0.0017421602787456778,sideways
2024-09-19,12.3,12.3,12.3,12.3,100,1.0,1.0,1.0,0.9918699186991868,0.9918699186991868,0.9918699186991868,0.8943089430894309,-0.012195121951219526,down
2024-09-20,12.3,12.3,12.3,12.3,100,1.0,1.0,0.9918699186991868,0.9918699186991868,0.9918699186991868,0.8943089430894309,1.008130081300813,-0.0066782810685249785,down
2024-09-23,12.3,12.3,12.3,12.3,100,1.0,0.9918699186991868,0.9918699186991868,0.9918699186991868,0.8943089430894309,1.008130081300813,1.008130081300813,-0.001451800232288033,sideways
2024-09-24,12.2,12.2,12.2,12.2,100,1.0,1.0,1.0,0.9016393442622951,1.0163934426229508,1.0163934426229508,1.0163934426229508,0.0035128805620608943,sideways
2024-09-26,12.2,12.2,12.2,12.2,100,1.0,1.0,0.9016393442622951,1.0163934426229508,1.0163934426229508,1.0163934426229508,1.0163934426229508,0.007025761124121783,up
2024-09-27,12.2,12.2,12.2,12.2,100,1.0,0.9016393442622951,1.0163934426229508,1.0163934426229508,1.0163934426229508,1.0163934426229508,1.0163934426229508,0.009953161592505855,up
2024-09-30,11.0,11.0,11.0,11.0,500,1.0,1.1272727272727272,1.1272727272727272,1.1272727272727272,1.1272727272727272,1.1272727272727272,1.1272727272727272,0.013636363636363622,up
2024-10-01,12.4,12.4,12.4,12.4,100,1.0,1.0,1.0,1.0,1.0,1.0,0.9758064516129031,-0.0025921658986175202,sideways
2024-10-03,12.4,12.4,12.4,12.4,100,1.0,1.0,1.0,1.0,1.0,0.9758064516129031,0.9112903225806452,-0.011232718894009211,down
2024-10-07,12.4,12.4,12.4,12.4,100,1.0,1.0,1.0,1.0,0.9758064516129031,0.9112903225806452,0.9677419354838709,-0.010656682027649772,down
2024-10-08,11.0,12.4,10.6,12.4,7300,1.0,1.0,1.0,0.9758064516129031,0.9112903225806452,0.9677419354838709,0.9193548387096774,-0.014112903225806455,down
2024-10-09,12.4,12.4,11.0,12.4,5400,1.0,1.0,0.9758064516129031,0.9112903225806452,0.9677419354838709,0.9193548387096774,0.9758064516129031,-0.008640552995391716,down
2024-10-10,12.4,12.4,12.4,12.4,200,1.0,0.9758064516129031,0.9112903225806452,0.9677419354838709,0.9193548387096774,0.9758064516129031,0.9677419354838709,-0.00316820276497697,sideways
2024-10-11,11.2,12.1,11.2,12.1,4600,1.0,0.9338842975206613,0.9917355371900827,0.9421487603305786,1.0,0.9917355371900827,0.9917355371900827,0.00354191263282172,sideways
2024-10-14,12.3,12.3,11.3,11.3,3400,1.0,1.0619469026548671,1.008849557522124,1.070796460176991,1.0619469026548671,1.0619469026548671,1.0619469026548671,0.008533501896333734,up
2024-10-15,11.2,12.0,11.2,12.0,6600,1.0,0.9500000000000001,1.0083333333333333,1.0,1.0,1.0,1.0,0.00327380952380952,sideways
2024-10-16,11.4,11.4,11.4,11.4,2500,1.0,1.0614035087719298,1.0526315789473684,1.0526315789473684,1.0526315789473684,1.0526315789473684,0.9912280701754387,-0.0015664160401002432,sideways
2024-10-17,12.1,12.1,12.1,12.1,1600,1.0,0.9917355371900827,0.9917355371900827,0.9917355371900827,0.9917355371900827,0.9338842975206613,0.9834710743801653,-0.005903187721369527,down
2024-10-18,12.0,12.0,12.0,12.0,100,1.0,1.0,1.0,1.0,0.9416666666666668,0.9916666666666667,1.0,-0.0026785714285714225,sideways
2024-10-21,12.1,12.1,12.0,12.0,2200,1.0,1.0,1.0,0.9416666666666668,0.9916666666666667,1.0,0.9916666666666667,-0.0011904761904761865,sideways
2024-10-22,12.0,12.0,12.0,12.0,900,1.0,1.0,0.9416666666666668,0.9916666666666667,1.0,0.9916666666666667,0.9916666666666667,0.0005952380952380971,sideways
2024-10-23,11.3,12.0,11.3,12.0,3300,1.0,0.9416666666666668,0.9916666666666667,1.0,0.9916666666666667,0.9916666666666667,0.9916666666666667,0.0026785714285714264,sideways
2024-10-24,11.3,11.3,11.3,11.3,1800,1.0,1.0530973451327432,1.0619469026548671,1.0530973451327432,1.0530973451327432,1.0530973451327432,1.0530973451327432,0.005372945638432346,up
2024-10-25,11.9,11.9,11.9,11.9,2500,1.0,1.0084033613445378,1.0,1.0,1.0,1.0,0.9915966386554622,-0.0015006002400960328,sideways
2024-10-28,11.2,12.0,11.2,12.0,9700,1.0,0.9916666666666667,0.9916666666666667,0.9916666666666667,0.9916666666666667,0.9833333333333334,0.9916666666666667,-0.0014880952380952322,sideways
2024-10-29,11.9,11.9,11.9,11.9,600,1.0,1.0,1.0,1.0,0.9915966386554622,1.0,0.9915966386554622,-0.001200480192076826,sideways
2024-10-30,11.9,11.9,11.9,11.9,200,1.0,1.0,1.0,0.9915966386554622,1.0,0.9915966386554622,1.0,-0.000600240096038413,sideways
2024-10-31,11.9,11.9,11.9,11.9,100,1.0,1.0,0.9915966386554622,1.0,0.9915966386554622,1.0,1.0,0.0,sideways
2024-11-01,11.9,11.9,11.9,11.9,100,1.0,0.9915966386554622,1.0,0.9915966386554622,1.0,1.0,0.9915966386554622,-0.0003001200480192065,sideways
2024-11-04,11.8,11.8,11.8,11.8,1000,1.0,1.0084745762711864,1.0,1.0084745762711864,1.0084745762711864,1.0,1.0,-0.00030266343825665774,sideways
2024-11-05,11.9,11.9,11.3,11.9,5100,1.0,0.9915966386554622,1.0,1.0,0.9915966386554622,0.9915966386554622,0.9915966386554622,-0.001200480192076826,sideways
2024-11-07,11.9,11.9,11.3,11.8,7900,1.0,1.0084745762711864,1.0084745762711864,1.0,1.0,1.0,1.0,-0.0009079903147699732,sideways
2024-11-08,11.9,11.9,11.8,11.9,7200,1.0,1.0,0.9915966386554622,0.9915966386554622,0.9915966386554622,0.9915966386554622,0.9831932773109243,-0.0024009603841536648,sideways
2024-11-12,11.9,11.9,11.9,11.9,2000,1.0,0.9915966386554622,0.9915966386554622,0.9915966386554622,0.9915966386554622,0.9831932773109243,0.9831932773109243,-0.0024009603841536726,sideways
2024-11-13,11.9,11.9,11.8,11.8,3600,1.0,1.0,1.0,1.0,0.9915254237288135,0.9915254237288135,0.9915254237288135,-0.0018159806295399703,sideways
2024-11-26,11.3,11.8,11.3,11.8,6700,1.0,1.0,1.0,0.9915254237288135,0.9915254237288135,0.9915254237288135,0.9915254237288135,-0.00181598062953997,sideways
2024-11-27,11.8,11.8,11.8,11.8,100,1.0,1.0,0.9915254237288135,0.9915254237288135,0.9915254237288135,0.9915254237288135,0.9915254237288135,-0.0015133171912833086,sideways
2024-11-28,11.3,11.8,11.3,11.8,2100,1.0,0.9915254237288135,0.9915254237288135,0.9915254237288135,0.9915254237288135,0.9915254237288135,0.983050847457627,-0.001815980629539958,sideways
2024-11-29,11.7,11.7,11.7,11.7,1200,1.0,1.0,1.0,1.0,1.0,0.9914529914529915,0.9658119658119659,-0.0042735042735042575,sideways
2024-12-02,11.7,11.7,11.7,11.7,100,1.0,1.0,1.0,1.0,0.9914529914529915,0.9658119658119659,1.0,-0.002747252747252737,sideways
2024-12-03,11.7,11.7,11.3,11.7,1200,1.0,1.0,1.0,0.9914529914529915,0.9658119658119659,1.0,1.0,-0.001221001221001216,sideways
2024-12-04,11.7,11.7,11.7,11.7,1500,1.0,1.0,0.9914529914529915,0.9658119658119659,1.0,1.0,0.9658119658119659,-0.0033577533577533454,sideways
2024-12-05,11.7,11.7,11.7,11.7,100,1.0,0.9914529914529915,0.9658119658119659,1.0,1.0,0.9658119658119659,0.9658119658119659,-0.0042735042735042575,sideways
2024-12-06,11.3,11.6,11.3,11.6,13200,1.0,0.9741379310344829,1.0086206896551724,1.0086206896551724,0.9741379310344829,0.9741379310344829,1.0086206896551724,-0.00030788177339901337,sideways
2024-12-09,11.3,11.3,11.3,11.3,1200,1.0,1.0353982300884954,1.0353982300884954,1.0,1.0,1.0353982300884954,0.991150442477876,-0.0022123893805309804,sideways
2024-12-10,11.7,11.7,11.7,11.7,1900,1.0,1.0,0.9658119658119659,0.9658119658119659,1.0,0.9572649572649573,0.9572649572649573,-0.006410256410256406,down
2024-12-11,11.7,11.7,11.7,11.7,100,1.0,0.9658119658119659,0.9658119658119659,1.0,0.9572649572649573,0.9572649572649573,0.9658119658119659,-0.004578754578754575,down
2024-12-13,11.3,11.3,11.3,11.3,800,1.0,1.0,1.0353982300884954,0.991150442477876,0.991150442477876,1.0,1.0,-0.0015802781289506935,sideways
2024-12-16,11.3,11.3,11.3,11.3,300,1.0,1.0353982300884954,0.991150442477876,0.991150442477876,1.0,1.0,1.0353982300884954,0.0015802781289506935,sideways
2024-12-17,11.0,11.7,11.0,11.7,7000,1.0,0.9572649572649573,0.9572649572649573,0.9658119658119659,0.9658119658119659,1.0,0.9914529914529915,0.0024420024420024446,sideways
2024-12-18,11.2,11.2,11.2,11.2,100,1.0,1.0,1.0089285714285716,1.0089285714285716,1.0446428571428572,1.0357142857142858,1.0535714285714286,0.009566326530612247,up
2024-12-20,11.6,11.6,11.2,11.2,1400,1.0,1.0089285714285716,1.0089285714285716,1.0446428571428572,1.0357142857142858,1.0535714285714286,1.0446428571428572,0.00892857142857142,up
2024-12-23,11.3,11.3,11.3,11.3,100,1.0,1.0,1.0353982300884954,1.0265486725663715,1.0442477876106195,1.0353982300884954,1.0353982300884954,0.006637168141592899,up
2024-12-24,11.3,11.3,11.3,11.3,800,1.0,1.0353982300884954,1.0265486725663715,1.0442477876106195,1.0353982300884954,1.0353982300884954,1.0353982300884954,0.00410872313527179,sideways
2024-12-25,11.3,11.7,11.3,11.7,5300,1.0,0.9914529914529915,1.0085470085470087,1.0,1.0,1.0,1.0,0.00030525030525029625,sideways
2024-12-26,11.2,11.6,11.2,11.6,7000,1.0,1.017241379310345,1.0086206896551724,1.0086206896551724,1.0086206896551724,1.0086206896551724,1.0086206896551724,0.00030788177339899727,sideways
2024-12-27,11.7,11.8,11.7,11.8,21100,1.0,0.9915254237288135,0.9915254237288135,0.9915254237288135,0.9915254237288135,0.9915254237288135,0.9915254237288135,-0.0009079903147699848,sideways
2024-12-30,11.7,11.7,11.7,11.7,1200,1.0,1.0,1.0,1.0,1.0,1.0,1.0,0.0,sideways
2024-12-31,11.7,11.7,11.7,11.7,3100,1.0,1.0,1.0,1.0,1.0,1.0,1.0,0.0,sideways
2025-01-02,11.7,11.7,11.7,11.7,1500,1.0,1.0,1.0,1.0,1.0,1.0,1.0170940170940173,0.0018315018315018486,sideways
2025-01-03,11.7,11.7,11.7,11.7,400,1.0,1.0,1.0,1.0,1.0,1.0170940170940173,1.0170940170940173,0.003052503052503081,sideways
2025-01-07,11.7,11.7,11.7,11.7,500,1.0,1.0,1.0,1.0,1.0170940170940173,1.0170940170940173,1.0170940170940173,0.0036630036630036973,sideways
2025-01-08,11.7,11.7,11.7,11.7,900,1.0,1.0,1.0,1.0170940170940173,1.0170940170940173,1.0170940170940173,0.9401709401709403,-0.00457875457875455,down
2025-01-09,11.7,11.7,11.7,11.7,1100,1.0,1.0,1.0170940170940173,1.0170940170940173,1.0170940170940173,0.9401709401709403,1.0170940170940173,-0.0024420024420024173,sideways
2025-01-10,11.7,11.7,11.7,11.7,900,1.0,1.0170940170940173,1.0170940170940173,1.0170940170940173,0.9401709401709403,1.0170940170940173,0.9401709401709403,-0.009157509157509148,down
2025-01-20,11.9,11.9,11.9,11.9,152300,1.0,1.0,1.0,0.9243697478991596,1.0,0.9243697478991596,0.9915966386554622,-0.00630252100840336,down
2025-01-22,11.9,11.9,11.9,11.9,500,1.0,1.0,0.9243697478991596,1.0,0.9243697478991596,0.9915966386554622,0.9327731092436974,-0.007803121248499408,down
2025-02-03,11.9,11.9,11.9,11.9,100,1.0,0.9243697478991596,1.0,0.9243697478991596,0.9915966386554622,0.9327731092436974,0.9915966386554622,-0.0006002400960384127,sideways
2025-02-05,11.0,11.0,11.0,11.0,1200,1.0,1.0818181818181818,1.0,1.0727272727272728,1.009090909090909,1.0727272727272728,1.009090909090909,0.0006493506493506452,sideways
2025-02-10,11.9,11.9,11.9,11.9,100,1.0,0.9243697478991596,0.9915966386554622,0.9327731092436974,0.9915966386554622,0.9327731092436974,0.9663865546218487,-0.0030012004801920782,sideways
2025-02-14,11.0,11.0,11.0,11.0,900,1.0,1.0727272727272728,1.009090909090909,1.0727272727272728,1.009090909090909,1.0454545454545454,0.990909090909091,-0.002922077922077921,sideways
2025-02-18,11.8,11.8,11.8,11.8,300,1.0,0.9406779661016949,1.0,0.9406779661016949,0.9745762711864406,0.923728813559322,0.9491525423728813,-0.007566585956416473,down
2025-02-21,11.1,11.8,11.1,11.1,9500,1.0,1.063063063063063,1.0,1.0360360360360361,0.981981981981982,1.009009009009009,0.972972972972973,-0.0074002574002574,down
2025-02-24,11.0,11.8,11.0,11.8,1100,1.0,0.9406779661016949,0.9745762711864406,0.923728813559322,0.9491525423728813,0.9152542372881356,1.0508474576271185,0.0027239709443099168,sideways
2025-02-25,11.7,11.7,11.1,11.1,3100,1.0,1.0360360360360361,0.981981981981982,1.009009009009009,0.972972972972973,1.1171171171171173,1.0810810810810811,0.014157014157014163,up
2025-02-26,11.1,11.5,10.0,11.5,1500,1.0,0.9478260869565218,0.9739130434782608,0.9391304347826087,1.0782608695652174,1.0434782608695652,1.0608695652173912,0.017080745341614884,up
2025-02-27,10.9,10.9,10.9,10.9,100,1.0,1.0275229357798163,0.9908256880733946,1.1376146788990826,1.1009174311926606,1.1192660550458715,1.18348623853211,0.03014416775884667,up
2025-02-28,11.2,11.2,11.2,11.2,100,1.0,0.9642857142857144,1.1071428571428572,1.0714285714285714,1.0892857142857142,1.1517857142857144,1.1517857142857144,0.02901785714285715,up
2025-03-04,10.8,10.8,10.8,10.8,500,1.0,1.1481481481481481,1.111111111111111,1.1296296296296295,1.1944444444444444,1.1944444444444444,1.1944444444444444,0.027116402116402108,up
2025-03-06,11.5,12.4,10.6,12.4,24800,1.0,0.9677419354838709,0.9838709677419354,1.0403225806451613,1.0403225806451613,1.0403225806451613,1.0806451612903225,0.01584101382488479,up
2025-03-07,12.0,12.0,12.0,12.0,100,1.0,1.0166666666666666,1.075,1.075,1.075,1.1166666666666667,0.9583333333333334,0.0026785714285714403,sideways
2025-03-10,11.5,12.2,11.5,12.2,7900,1.0,1.057377049180328,1.057377049180328,1.057377049180328,1.098360655737705,0.9426229508196722,0.9836065573770493,-0.00848946135831382,down
2025-03-11,12.9,12.9,12.9,12.9,100,1.0,1.0,1.0,1.0387596899224807,0.8914728682170543,0.9302325581395349,0.8604651162790697,-0.023809523809523805,down
2025-03-12,11.5,12.9,11.5,12.9,200,1.0,1.0,1.0387596899224807,0.8914728682170543,0.9302325581395349,0.8604651162790697,0.9689922480620154,-0.017165005537098564,down
2025-03-13,12.9,12.9,12.9,12.9,100,1.0,1.0387596899224807,0.8914728682170543,0.9302325581395349,0.8604651162790697,0.9689922480620154,0.9689922480620154,-0.009413067552602454,down
